ID,Nome,Descricao,Bairro,Endereco,latitude,longitude
0,Praça Dr José Vilela,Praça,Parnamirim,Avenida Dezessete De Agosto/ Rua Dr Jose Vilela/ Rua Jose De Godoy Vasconcelos,-8.034090657,-34.91157119
1,Praça Dr Lula Cabral de Melo,Praça,Parnamirim,Avenida Dezessete De Agosto/ Avenida Parnamirim/ Rua Padre Roma,-8.033198405,-34.91029444
2,Praça Jornalista Francisco Pessoa de Queiroz,Praça,Santana,Rua Nestor Silva/ Rua Leonardo Bezerra Cavalcante,-8.037484858,-34.91386712
3,Praça Rádio Jornal do Comércio,Praça,Parnamirim,Avenida Dezesste De Agosto/ Rua Leonardo Bezerra Cavalcante,-8.036970992,-34.913944
4,Praça Rádio Jornal do Comércio,Praça,Parnamirim,Avenida Dezesste De Agosto/ Rua Leonardo Bezerra Cavalcante,-8.03708098,-34.91429516
5,Praça Oswaldo Cruz,Praça,Soledade,Rua Joao Fernandes Vieira/ Rua Osvaldo Cruz,-8.055074228,-34.89156634
6,Praça Flor de Santana,Praça,Poco,Avenida Dezessete De Agosto/Rua Dona Olegarinha Da Cunha/ Rua De Santana,-8.038112654,-34.91806848
7,Praça da Vila Teimosinho,Praça,Pina,Rua Das Saudades/Rua Do Girassol,-8.085811115,-34.88401847
8,Praça da Restauração,Praça,Sao Jose,Rua Padre Floriano/ Rua Do Jardim,-8.069986929,-34.8802037
9,Praca do Monteiro,Praça,Monteiro,Avenida Dezessete De Agosto,-8.027913492,-34.92798922
10,Praça Sérgio Loreto,Praça,Sao Jose,Rua Imperial,-8.072488891,-34.8853334
11,Praça das Cinco Pontas,Praça,Sao Jose,Rua Vidal De Negreiros/Rua Imperial,-8.071880743,-34.88214292
12,Praça das Cinco Pontas,Praça,Sao Jose,Rua Vidal De Negreiros,-8.071573012,-34.88188765
13,Praça Dezessete,Praça,Santo Antonio,Rua Imperador Pedro Ii,-8.065308057,-34.87691259
14,Praça das Cinco Pontas,Praça,Sao Jose,Rua Vidal De Negreiros,-8.071007482,-34.88144625
15,Praça Dom Vital,Praça,Sao Jose,Rua Das Calcadas,-8.068186779,-34.87835072
16,Praça Joaquim Nabuco,Praça,Santo Antonio,Rua Frei Caneca/ Cais Da Detencao,-8.064545759,-34.88125311
17,Praça Dezessete,Praça,Santo Antonio,Rua Imperador Pedro Ii / Avenida Martins De Barros,-8.065251334,-34.87653876
18,Praça da Comunidade Luso Brasileira,Praça,Recife,Cais Do Apolo/Avenida Militar,-8.053736449,-34.87103187
19,Praça da Independência,Praça,Santo Antonio,Avenida Dantas Barreto/Rua Primeiro De Março,-8.064166299,-34.87815957
20,Praça Chora menino,Praça,Paissandu,Rua Paissandu/ Avenida Lins Petit,-8.060289347,-34.89488865
21,Praça Rio Branco,Praça,Recife,Avenida Alfredo Lisboa,-8.063157342,-34.87109061
22,Travessa Tiradentes,Praça,Recife,Cais Do Apolo/Rua Bione,-8.058698428,-34.87207801
23,Praca General Carlos Pinto,Praça,Santo Amaro,Rua Arlindo Melo/ Avenida Cruz Cabuga/ Rua Dos Casados,-8.040097305,-34.87190978
24,Praça do Rosário,Praça,Varzea,Rua Francisco Lacerda,-8.050490532,-34.95836889
25,Praça Maciel Pinheiro,Praça,Boa Vista,Rua Do Hospicio / Rua Do Aragao,-8.062376317,-34.88573807
26,Praça Parque Amorim,Praça,Boa Vista,Rua Joao Fernandes Vieira/Avenida Agamenon Magalhaes,-8.052047649,-34.89498176
27,Praça da Avenida General San Martin,Praça,San Martin,Avenida General San Martin,-8.071011847,-34.92879124
28,Praça Profeta Joseph Smith,Praça,Pina,Avenida Engenheiro Domingos Ferreira,-8.096888965,-34.88604569
29,Praça Miguel de Cervantes,Praça,Ilha Do Leite,Rua Francisco Alves,-8.067558726,-34.89395077
30,Praça Miguel de Cervantes,Praça,Ilha Do Leite,Rua Estado De Israel/Rua Capitao Jose  Da Luz,-8.066101465,-34.89327839
31,Praça Miguel de Cervantes,Praça,Ilha Do Leite,Rua Francisco Alves/Rua Jose De Alencar /Ruaantonio Gomes De Freitas,-8.066768098,-34.89357782
32,Praça Dom José Pereira Alves,Praça,Cordeiro,Rua Manoel Elias/Rua Des Manoel De Sa Pereira/Rua Dom Jose Pereira Alves,-8.049211071,-34.92536237
33,Praça Dom Diogo Camarao,Praça,Cordeiro,Rua Capitao Francisco Barreiras/Rua Capitao Manuel De Araujo Miranda,-8.060342319,-34.92881848
34,Praça Pantanal,Praca,Areias,Rua Capitao Gregorio De Albuquerque/Praca Pantanal/Rua Capitao Domingos Da Costa,-8.094827242,-34.93383621
35,Praça da Bandeira,Praça,Madalena,Avenida Sport Clube Do Recife/ Rua Benfica/ Rua Chico Science,-8.061391901,-34.90159021
36,Praça Salgueiro,Praça,Iputinga,Rua Comendador Alvares De Carvalho/Rua Ribeirao/ Prc Salgueiro,-8.042580862,-34.93823736
37,Praça da Esperança,Praça,Zumbi,Rua Joao Da Mata/Caratinga/Rosa Candida,-8.054287351,-34.91619183
38,Praça do Internacional,Praça,Madalena,Rua Benfica /  Severino Pinheiro / Heitor Maia Filho,-8.058381,-34.9035688
39,Praça Camilo Pereira Carneiro,Praça,Curado,Avenida Getulio Vargas,-8.068604891,-34.94432198
40,Praça da Conceição,Praça,Morro Da Conceicao,Rua Morro Da Conceição,-8.019349645,-34.91530281
41,Praça da  Boa Viagem,Praça,Boa Viagem,Rua Setubal / Rua Dr Nylo Dornellas Camara / Avenida Boa Viagem / Rua Barao De Souza Leao,-8.132007092,-34.90073518
42,Praça Fernando Galvão,Praça,Areias,Rua Dr Vilas Boas/Rua Olimpio Costa/Praca Fernando Galvao,-8.095441959,-34.93894494
43,Praça do Jardim São Paulo,Praça,Jardim Sao Paulo,Rua Senador Alberto Pasqualini/Rua N S  De Fatima/Rua Damasco,-8.081623961,-34.93836152
44,Praça Beira Rio,Praça,Torre,Avenida Beira Rio,-8.046253452,-34.90402245
45,Praça Beira Rio,Praça,Madalena,Avenida Beira Rio,-8.049835422,-34.90450432
46,Praca do Monteiro,Praça,Monteiro,Avenida Dezessete De Agosto,-8.02785261,-34.92845605
47,Praça Professor Barreto Campello,Praça,Torre,Rua Conselheiro Theodoro/ Rua Marques De Marica,-8.047997177,-34.91484274
48,Praça deputado Fabio Correa,Praça,Alto Jose Do Pinho,Rua Severino Bernadino Pessoa/ Rua Irapiranga,-8.022359393,-34.90632204
49,Praça Professor Barreto Campello,Praça,Torre,Rua Jose De Holanda/ Rua Barreto Campelo/Rua Zilda S De Santana,-8.04702363,-34.91399529
50,Praça João Pessoa de Queiroz,Praça,Torroes,Rua Domingos De Abreu Vasconcelos/Aniceto Ribeiro Varejao/Des Capristano De Moraes E Silva,-8.067352423,-34.9329581
51,Praça do Paraíso,Praça,Afogados,Rua Cinco De Novembro,-8.08105852,-34.90718956
52,Praça Vila do Moinho Recife,Praça,Encruzilhada,Rua Domingos Bastos,-8.03731776,-34.88891284
53,Praça São Braz,Praça,Areias,Rua Capitao Manuel De Aguiar/R Capitao Braz De Barros/R Capitao Francisco Coutinho/Praça Sao Braz,-8.094377412,-34.93161111
54,Praça Alfredo Pinto,Praça,Areias,Rua Caruaru/ Rua Palmares/Rua Goiana/Rua Argemiro Galvao,-8.094351239,-34.93686828
55,Praça do Sena,Praça,Areias,Rua Capitao Joao Pontes/Rua Capitao Antonio Franca/Rua Capitao Domingos Da Costa,-8.095864063,-34.9336817
56,Praça Jornalista Anibal Fernandes,Praça,Areias,Rua Capitao Estevao Fernandes/Rua Gal Francisco Fiqueiroa/R Capitao Jacinto Da Cruz,-8.093486844,-34.93011487
57,Praça Professor Abdgar Soriano,Praça,Areias,Rua Frei Manuel Calado/Rua General Francisco Figueiroa,-8.09243358,-34.93017666
58,Praça Capiba,Praça,Gracas,Rua Engenheiro Edgar D'Amorim / Rua Do Futuro,-8.043766763,-34.89813483
59,Praça Maria da Conceição,Praça,Barro,Rua Otacilio Pessoa/Rua Padre Diogo Rodrigues/Prc Maria Da Conceicao,-8.089525934,-34.94038585
60,Praça de Campo Grande,Praça,Campo Grande,Estrada De Belem/ Rua Goncalves Dias/ Rua Catulo Da Paixao Cearense,-8.032299001,-34.87744157
61,Praça Augusto Rodrigues,Praça,Torreao,Rua Augusto Rodrigues/Rua Padre Miguelinho/R Dom Joao Da Costa,-8.039388541,-34.88519858
62,Praça da República,Praça,Santo Antonio,Rua Praca Da Republica,-8.060768613,-34.87844425
63,Praça da República,Praça,Santo Antonio,Rua Da Praca Da Republica,-8.061000454,-34.8768515
64,Praça da República,Praça,Santo Antonio,Rua Praca Da Republica,-8.06089663,-34.87757372
65,Praça Gregório Bezerra,Praça,Torre,Rua Arumanduba/Rua Souza Bandeira,-8.044551422,-34.91490004
66,Praça do Campo Santo,Praça,Santo Amaro,Rua Do Pombal/ Avenida  Da Saudade/ Rua Treze De Maio,-8.05036453,-34.88283192
67,Praça Abelardo Rijo,Praça,Cabanga,Rua Capitao Temudo/ Avenida Engenheiro Jose Estelita,-8.078168684,-34.89174203
68,Praça Governador Paulo Guerra,Praça,Cabanga,Avenida Saturnino De Brito/  Rua Capitao Temudo,-8.080074629,-34.89232223
69,Praça da Cavalaria,Praça,San Martin,Rua Delmiro Gouveia/Avenida General San Martin/Rua Apulcro De Assuncao,-8.065380736,-34.92749122
70,Praça Dr Adolfo Cirne,Praça,Boa Vista,Rua Princesa Izabel/ Rua Do Hospicio/Rua Do Riachuelo,-8.058708287,-34.88265545
71,Praça da Cavalaria,Praça,San Martin,Avenida Consul Vilares Fragoso/Rua Comendador Franco Ferreira/Avenida Gal San Martin,-8.065579426,-34.92710117
72,Praça Arari Ferreira Fonseca,Praça,Iputinga,Rua Romulo Da Fonseca Gomes/ Rua Monsenhor Ferreira Lima,-8.029962639,-34.93615205
73,Praça São Benedito Pereira dos Santos,Praça,Varzea,Rua Tapirema/ Prc Sao Benedito Pereira Dos Santos/R Serra Nova/,-8.037886757,-34.98178557
74,Praça Jockey Clube,Praça,Varzea,Rua Agricolandia /Avenida Professor Moraes Rego,-8.043240462,-34.94389603
75,Praça Jockey Clube,Praça,Prado,Rua Carlos Gomes E Jockey Clube,-8.061039542,-34.91281501
76,Praça Filonila Ferreira,Praça,Varzea,Rua Monsenhor Joao Barbalho/Praca Filonila Ferreira,-8.041457663,-34.95658737
77,Praça da Paz,Praça,Afogados,Rua Motocolombo/Rua Da Paz,-8.080605731,-34.90612789
78,Praça Bernardo Vieira de Melo,Praça,Barro,Rua Joao Perdigao/Praca Bernardo Vieira De Melo/R Theodorico Selva/Rua Padre Nobrega,-8.090245819,-34.93875574
79,Praça do Sítio Benvenuto,Praça,San Martin,Rua Jupiacara/Rua Caturite/ Rua Santa Rosa,-8.075344456,-34.92555684
80,Praça do Sítio Benvenuto,Praça,San Martin,Rua Jupiacara/ Rua Imbituba/ Rua Caturite,-8.075233289,-34.92502221
81,Praça do Sítio Benvenuto,Praça,San Martin,Rua Jupiacara/ Rua Santo Angelo/ Rua Imbituba,-8.075122195,-34.9244936
82,Praça Abelardo Baltar,Praça,Pina,Rua Comendador Moraes,-8.087228836,-34.88271544
83,Praça Abelardo Baltar,Praça,Pina,Rua Praca Abelardo Baltar,-8.087433482,-34.88258653
84,Praça do Jordão,Praça,Jordao,Rua Jose Martorano / Rua Dr Alvaro Ferreira / Rua Lima Campos,-8.130504443,-34.938465
85,Praça Luz da Fraternidade,Praça,Cohab,Rua Engenho Araquara / Rua Engenho Timbi / Avenida Rio Sao Francisco,-8.115080632,-34.95025587
86,Praça Sebastião Pontes,Praca,Areias,Praca Sebastiao Pontes/Rua Capitao Amaro Cerqueira/Rua Capitao Domingos Costa,-8.09759545,-34.93388892
87,Praça Presidente Kennedy,Praça,Jordao,Rua Dona Carentina / Rua Miravania,-8.134257824,-34.94174368
88,Praça São José dos Manguinhos,Praça,Gracas,Rua Confederacao Do Equador/Avenida Rui Barbosa,-8.048095165,-34.89890896
89,Praça Elvira Andrade de Souza,Praça,Gracas,Rua Paulino Gomes De Souza/Rua Alberto Paiva,-8.043753544,-34.9012548
90,Praça Marcelino Champagnat,Praça,Gracas,Rua Paulino Gomes De Souza,-8.041620727,-34.90053842
91,Praça Professor Fleming,Praça,Jaqueira,Rua Muniz Tavares,-8.035270957,-34.90591214
92,Parque da Jaqueira,Parque,Jaqueira,Rua Do Futuro/Rua Deputado Pedro Pires Ferreira/ Avenida Rui Barbosa,-8.036906181,-34.90482213
93,Praça de Casa Forte,Praça,Casa Forte,Avenida Dezessete De Agosto,-8.035374529,-34.91975305
94,Praça Alice de Albuquerque,Praça,Cajueiro,Rua Couto Soares/R Adolfo Simoes Barbosa,-8.012737276,-34.88380124
95,Praça de Casa Forte,Praça,Casa Forte,Rua Casa Forte,-8.033866468,-34.91895114
96,Praça Farias Neves,Praça,Dois Irmaos,Rua Dois Irmaos / Avenida Dom Manoel De Medeiros,-8.015644143,-34.94419349
97,Praça do Trabalho,Praça,Casa Amarela,Avenida Norte Miguel Arraes De Alencar/ Rua Fernando De Souza Caete,-8.023225392,-34.91452741
98,Praça Batista da Silva,Praca,Torre,Rua Prof Trajano De Mendonca/ R Jose Bonifacio,-8.042476011,-34.90834573
99,Praça Ponte D`Uchoa,Praça,Jaqueira,Avenida Rui Barbosa/ Rua Madre Loyola/ Rua Antonio Celso Uchoa Cavalcanti,-8.041396064,-34.9033467
100,Praça Barão de Caiara,Praca,Santana,Rua Afonso De Albuquerque De Melo/Rua Leonardo Bezerra Cavalcante,-8.038067213,-34.91098217
101,Praça Ascenço Ferreira,Praça,Recife,Avenida Rio Branco/Rua Madre Deus,-8.06255675,-34.8736634
102,Praça da Convenção,Praça,Beberibe,Avenida Beberibe,-8.003341827,-34.89751891
103,Praça Vinte de Julho,Praça,Campo Grande,Marques De Baipendi,-8.025503039,-34.87881908
104,Praça Vinte de Julho,Praça,Campo Grande,Rua Marques De Baipendi/Rua Cirilino Afonso De Melo,-8.025687475,-34.87890863
105,Praça Vinte de Julho,Praça,Campo Grande,Rua Carlindo Afonso De Melo/Rua Farias Neves/Rua Tenente Guimaraes,-8.025966409,-34.8788127
106,Praça do Bom Pastor,Praça,Iputinga,Rua Bom Pastor/ Avenida Mucio Uchoa Cavalcanti,-8.048658972,-34.94001791
107,Praça Simão Borba,Praça,Areias,Rua Simao Borba/ Rua Parente Viana/Rua Ernesto Nazareth,-8.096811109,-34.92477434
108,Praça Jules Rimet,Praça,Boa Viagem,Avenida Boa Viagem,-8.101686472,-34.8854526
109,Praça La Coruna,Praça,Boa Viagem,Avenida Boa Viagem,-8.104925343,-34.88705959
110,Parque Infantil Walt Disney,Praça,Boa Viagem,Rua Zeferino Galvao,-8.107954945,-34.88907809
111,Praça Cidade do Porto,Praça,Boa Viagem,Avenida Conselheiro Aguiar / Rua Senador Helio Coutinho,-8.105831462,-34.88912514
112,Praça Cidade do Porto,Praça,Boa Viagem,Avenida Conselheiro Aguiar / Rua Jornalista Francisco Almeida,-8.10641352,-34.88937024
113,Praça Cidade do Porto,Praça,Boa Viagem,Avenida Cons Aguiar / Rua Sen Helio Coutinho / Avenida Eng Domingos Ferreira / Rua Jorn Francisco Almeida,-8.106038844,-34.88944621
114,Praça Visconde de Mauá,Praça,Santo Antonio,Rua Barao Da Vitória,-8.066949294,-34.88301092
115,Praça Visconde de Mauá,Praça,Rosarinho,Rua Regueira Costa/ Rua Gal Abreu E Lima,-8.032290771,-34.89841292
116,Praça Arsenal da Marinha,Praça,Recife,Rua Da Guia / Rua Do Observatório,-8.061041053,-34.87128455
117,Parque Treze de Maio,Parque,Santo Amaro,Rua Da Saudade/ Rua Joao Lima/Rua Do Hospicio,-8.056972105,-34.8815344
118,Praça da Convenção,Praça,Beberibe,Avenida Beberibe,-8.002903481,-34.89772051
119,Praça da Convenção,Praça,Beberibe,Rua Praca Da Convencao,-8.002374716,-34.89726771
120,Praça do Berardo,Praça,Madalena,Rua Joao Crescencio/Ricardo Salazar/Adolfo Criacao Antonio De S,-8.05663446,-34.91250896
121,Praça Beatriz Pereira Carneiro,Praça,Santo Amaro,Rua Dona Sinha Menezes/ R Dona Leonor Porto,-8.040415151,-34.87065066
122,Praça Professor Agamenon Magalhães,Praça,Santo Amaro,Avenida Norte Miguel Arraes De Alencar/ Rua Joaquim Rabelo,-8.043876748,-34.88213478
123,Praça Ministro João Gonçalves de Souza,Praça,Iputinga,Rua Borges Da Fonseca/Rua General Vargas,-8.048164548,-34.94373587
124,Parque do Forte do Arraial Novo do Bom Jesus,Parque,Torroes,Rua Antonio Valdevino Costa/Est Do A Novo Do B Jesus/R Maravilha/ R Dezesseis De Outubro,-8.05849178,-34.93190824
125,Parque do Forte do Arraial Novo do Bom Jesus,Parque,Cordeiro,Rua Profa Laura Ferreira Da Costa/Est Do Forte Do Arraial N Do Bom Jesus/R Antonio Valdevino Costa,-8.056643274,-34.93093265
126,Praça Eça de Queiroz,Praça,Madalena,Rua Januario Barbosa/Avenida Visconde De Albuquerque/R Des Luiz Salazar / Rua Pessoa De Melo,-8.050718298,-34.90697695
127,Praça Solange Pinto Melo,Praça,Madalena,Rua Real Da Torre/ Rua Jose Osorio,-8.052486506,-34.90866922
128,Praça Solange Pinto Melo,Praça,Madalena,Rua Jose Osorio/ Rua Real Da Torre,-8.054042493,-34.90886132
129,Praça Tobias Vitorino da Silva,Praça,Cajueiro,Rua Barao De Tracunhaem/R Dr Paulo Ramos/ R Luiz Clericuzzi,-8.012621221,-34.88648683
130,Praça da Redenção,Praça,Engenho Do Meio,Rua Antonio Borges Uchoa/ Praca Da Redencao,-8.055797033,-34.9457789
131,Praça Domingos Giovanetti,Praça,Madalena,Avenida Beira Rio/ R Padre Anchieta/ R Clovis Bevilacua,-8.047287513,-34.90435936
132,Praça Astério Rufino Alves,Praça,Areias,Avenida Estancia/Rua Barros Sobrinho/Rua Dr Adelino Filho,-8.086152993,-34.93252543
133,Praça Luiz Gonzaga,Praça,Cohab,Rua Engenho Boa Sorte / Rua Engenhjo Barro Alto / Rua Engenho Tabare / Rua Engenho Curralinho,-8.114512026,-34.95083597
134,Praça Tertuliano Feitosa,Praça,Hipodromo,Rua Ascenso Ferreira/Rua Carlos Fernandes/R Nogueira Limar Fonseca Oliveira,-8.031892077,-34.88655079
135,Praça Ulisses Leon de Oliveira,Praça,Hipodromo,Rua Madre Rosa Gatorno/Rua Marques De Baipendi/R Prof Jeronimo Gueiros,-8.02933478,-34.88946523
136,Praça Antônio Luiz,Praça,Ponto De Parada,Rua Dr Raimundo Cavalcanti  Uchoa/ Avenida Prof Jose Dos Anjos/ Rua Petronila Botelho,-8.028152063,-34.89072248
137,Praça Luiz Inácio Pessoa de Mello,Praça,Ponto De Parada,Avenida Santos Dumont/R Couto Magalhaes//Rua Jose Alexandre Cacador,-8.030706977,-34.89487228
138,Praça Phaelante da Câmara,Praça,Rosarinho,Avenida Norte/Avenida Santos Dumont,-8.033021471,-34.89645357
139,Praça Amaro Albino Pimentel,Praça,Tamarineira,Avenida Eng. Agamenon Magalhães De Melo / Rua Canapolis,-8.029928162,-34.89786528
140,Praça José Sales Filho,Praça,Torre,Avenida Beira Rio,-8.045159731,-34.9046566
141,Praça Professor Coelho de Almeida,Praça,Iputinga,Avenida Caxanga/Avenida Mario Alvares Pereira De Lyra/R Cons Silveira De Souza/R Prof Coelho De Almeida,-8.045449563,-34.93159909
142,Praça Pinto Damaso,Praça,Varzea,Avenida Afonso Olindense/Rua Coronel Pacheco/ Prc Pinto Damaso,-8.048372188,-34.95930836
143,Praça Manuel Markman,Praca,Parnamirim,Rua Joao Tude De Melo/Rua Leonardo Bezerra Cavalcante,-8.036473407,-34.90945407
144,Praça Pinto Damaso,Praça,Varzea,Avenida Afonso Olindense /Rua Azeredo Coutinho/Rua Coronel Pacheco,-8.049159781,-34.9594845
145,Praça do Caxanga,Praça,Caxanga,Avenida Caxanga/ Praca Do Caxanga,-8.031182701,-34.95495451
146,Praça João Vinte e Três,Praça,Curado,Rua Itauna/ Rua Maranguape,-8.083224468,-34.95535994
147,Praça Mercia de Albuquerque,Praça,Areias,Rua Capitao Manuel De Aguiar/Rua Capitao Francisco Coutinho/Rua Capitao Sebastiao Ferreira,-8.095123619,-34.93238217
148,Praça Olavo Bilac,Praca,Santo Amaro,Rua Do Hospicio/ Rua Do Principe,-8.057103901,-34.88299549
149,Praça Desembargador Carlos Xavier Paes Barreto,Praça,Ipsep,Rua Vicente Licinio/ Avenida Senador Robert Kennedy/ R Manoel Bekmann/ Rua Anita Garibaldi,-8.118049717,-34.92051981
150,Praça Aleixo de Oliveira,Praça,Ipsep,Rua Aristides Lobo/Rua Adolfo Faro/Rua Helio Brandao,-8.112473679,-34.92441046
151,Praça Sebastião Malta,Praça,Jordao,Rua Alberto Lundgren / Avenida Dona Carentina / Avenida Governador Roberto Silveira,-8.136669744,-34.9369309
152,Praça Marcantônio Vilaça,Praça,Pina,Rua Alexandrino Martins Rodrigues / Rua Joaquim Carneiro Da Silva / Rua Mario Gomes De Matos,-8.098990627,-34.88932383
153,Praça Selecao 70,Praça,Boa Viagem,Avenida Armindo Moura / R Capitao Lopes Braganca / R Eugenio Coimbra Junior/R General Charles De Gaulle,-8.150688881,-34.91047983
154,Praça da Rua Carlos Gomes/ do Cavalo Dourado,Praça,Prado,Rua Gomes Taborda / R Carlos Gomes,-8.059028696,-34.91222267
155,Praça do Derby,Praça,Derby,Avenida Governador Agamenon Magalhaes/Rua Jener De Souza,-8.056286413,-34.89910823
156,Praça do Derby,Praça,Derby,Avenida Governador Agamenon Magalhaes/Rua Jener De Souza,-8.057136516,-34.89908761
157,Praça Poeta Fernando Pessoa,Praca,Derby,Rua Amaro Bezerra,-8.055958926,-34.90106576
158,Praça do Entroncamento,Praça,Gracas,Avenida Rui Barbosa/Avenida Cons Rosa E Silva,-8.050457829,-34.897231
159,Praça da FEB,Praça,Aflitos,Rua Quarenta E Oito / Rua Amapa,-8.040594222,-34.89473909
160,Praça Capiba,Praça,Cajueiro,Rua Manoel Brandao/R Urca / Para,-8.009030103,-34.88522124
161,Praça Onze de Junho,Praça,Santo Amaro,Rua Moraes De Inhama/Avenida Cruz Cabuga/Rua Dona Leonor Porto,-8.044146364,-34.87414291
162,Praça Onze de Junho,Praça,Santo Amaro,Avenida Prefeitom Artur Lima Cavalcanti,-8.045000556,-34.87471854
163,Praça Melvin Jones,Praça,Parnamirim,Rua Padre Roma/Rua Sebastiao Malta Arcoverde,-8.033058472,-34.90728339
164,Praça Mano Teodósio,Praça,Poco,Estra Real Do Poco,-8.036080917,-34.92464338
165,Praça de Apipucos,Praça,Apipucos,Rua Apipucos  / Rua Alianca,-8.020943313,-34.93562139
166,Praça Vila do Moinho Recife,Praça,Encruzilhada,Estrada De Belem/Rua Castro Alves,-8.037152315,-34.89067859
167,Praça Othon Bezerra de Melo,Praça,Macaxeira,Rua Regina/ Rua Ana/ Rua Ida,-8.015465916,-34.92860365
168,Largo da Encruzilhada,Praça,Encruzilhada,Avenida Joao De Barros/Rua Dr Jose Maria/Avenida Beberibe,-8.037350908,-34.89142217
169,Praça Professor Ageu Magalhães,Praça,Derby,Rua Jenner De Souza,-8.05733666,-34.90025304
170,Praça Manuel Markman,Praca,Parnamirim,Joao Tude De Melo,-8.036620728,-34.90947217
171,Praça José Sales Filho,Praca,Torre,Avenida Beira Rio,-8.044528018,-34.90482779
172,Praça Doutor Pedro Alves Neto,Praça,Agua Fria,Avenida Beberibe/ Rua Da Regeneracao,-8.018591518,-34.89320584
173,Praça Doutor Pedro Alves Neto,Praça,Agua Fria,Avenida Beberibe/ Rua Dr Eudes Costa,-8.01839404,-34.89336753
174,Praça Profeta Joseph Smith,Praça,Pina,Avenida Engenheiro Domingos Ferreira,-8.098106912,-34.88634993
175,Praça Professor Doutor Antônio Figueira,Praça,Poco,Estrada Real Do Poco,-8.03549863,-34.92324247
176,Praça Josenildo Paes Barreto,Praça,Ilha Do Retiro,Rua Joao Elisio Ramos/ Rua Dr Joao Marques,-8.06303777,-34.90501267
177,Praça Dom Miguel Valverde,Praça,Encruzilhada,Rua Amaro Coutinho/Rua Fernando Cesar/R Inacio Galvao Dos Santos,-8.03553322,-34.89271976
178,Praça A.B.C,Praça,Mustardinha,Rua Jose Bezerra Cavalcante/Avenida Manoel Goncalves Da Paz/R Jetucupapo/R Neto Campelo Junior,-8.073494139,-34.91860271
179,Praça Jornalista Antônio Teixeira Junior,Praça,Boa Viagem,Avenida Engenheiro Domingos Ferreira / Rua Viscinde De Jequitinhonha,-8.129670524,-34.90246713
180,Praça Alberto Pinto,Praça,Santo Amaro,Rua Arnobio Marques/ Avenida Agamenon  Magalhaes,-8.045053479,-34.88864
181,Praça Faca Cega,Praça,Cohab,Rua Currais Novos / Rua Guama / Rua Gurupa / Rua Mecejana,-8.119843092,-34.95611551
182,Praça Doutor Júlio Campelo,Praça,Iputinga,Rua Dr Julio Campelo/Rlucilo Varejao/ Rua Jose Pessoa De Queiroz,-8.032431242,-34.93133529
183,Praça Jornalista Otávio Sarmento Cardoso/Coliseu,Praça,Varzea,Rua Prof Otavio Sarmento Cardoso/ R Torres Gomes/ R Dr Jose Munguba Sobrinho,-8.037252355,-34.95602863
184,Praça Angélica,Praça,Cordeiro,Rua Angelica/ Rua Claudio Brotherhood,-8.053687749,-34.93151417
185,Praça Movicar,Praça,Areias,Rua Capitao Joao Lopes/R Capitao Vicente Moutinho/R Capitao Jeronimo Amaral,-8.093465192,-34.93254057
186,Praça das Criancas,Praça,Areias,Rua Luiz Sepulveda/Rua Capitao Paulo Teixeira/Rua Capitao Domingos Da Costa,-8.098665789,-34.93360387
187,Praça Pedro Brandão,Praça,Areias,Rua Jeronimo Inojosa/Rua Sargento Afonso Rodrigues/R Francisco Do Rego/R Capitao Francisco Da Rocha,-8.097704971,-34.93173386
188,Praça Eduardo Cardoso/Gregório Albuquerque,Praça,Areias,Rua Alvaro Fragoso/R Bento Teixeira/R Capitao Gregorio De Albuquerque/Trv Capitao G De Albuquerque,-8.09643717,-34.93142046
189,Praça Irmã Douraci,Praça,Mustardinha,Largo Da Mustardinha/Avenida Manoel Goncalves Da Paz/,-8.07181677,-34.91832397
190,Praça El Salvador,Praça,Jardim Sao Paulo,Avenida Sao Paulo,-8.076677599,-34.94207711
191,Praça Noel Rodrigues,Praça,San Martin,Rua Guy Bastos Junior/ R Comendador Franco Ferreira/Trv Comendador F Ferreira/ Avenida General San Martin,-8.067143641,-34.92752222
192,Praça Noel Rodrigues,Praça,San Martin,Rua Guy Bastos Junio/ Rua Comendador Franco Ferreira/ Avenida General San Martin,-8.066568087,-34.92736969
193,Praça Dom Bosco,Praça,San Martin,Rua Mineirolandia/Rua Tenente Mindelo,-8.075048933,-34.9299451
194,Praça Nossa Senhora de Fátima,Praça,San Martin,Rua Professor Silvio Da Cunha Santos/R Dr Telesphoro Fragoso/Rua Pedro Melo,-8.072333057,-34.93061711
195,Praça professora Antonia Galvão,Praça,Agua Fria,Rua Alegre / R Julio Ramos/ Rua Zeferino Agra,-8.021164799,-34.89318526
196,Praça desenhista Eulino Santos,Praça,Arruda,Rua Da Regeneracao/R Desenhista Eulino Santos,-8.022917866,-34.88311476
197,Praça do Cajueiro,Praça,Cajueiro,Rua Tenente Wanderley/R Maria Cristina Tasso De Souza/R Couto Soares,-8.01281867,-34.88307815
198,Praça Sementes do Amanhã,Praça,Campina Do Barreto,Avenida Sebastiao Salazar/ Rua Couto Soares,-8.013098914,-34.88177275
199,Praça do Colégio Jarbas Pernambucano,Praça,Cajueiro,Avenida Sebastiao Salazar/ Rua Barao De Tamandare,-8.011087595,-34.88380149
200,Praça Lagoa do Araça,Parque,Imbiribeira,Rua Jose Ferreira Lins / Rua Engenheiro Jose Brandao Cavalcante,-8.094360461,-34.91491461
201,Praça Rádio Capibaribe,Praça,Campina Do Barreto,Rua Coronel Urbano Ribeiro De Sena/Rua Noroeste,-8.014349772,-34.88321901
202,Praça Rádio Capibaribe,Praça,Campina Do Barreto,Rua Coronel Urbano Ribeiro De Sena,-8.013924604,-34.88304571
203,Praça da Igreja,Praça,Cohab,Rua Capitao Pero Miranda,-8.129980705,-34.94806974
204,Praça do Comar,Praça,Dois Unidos,Rua Joao Cavalcante Petribu/Rua Hidelbrando De Vasconcelos,-7.990179773,-34.91556605
205,Praça Raizes,Praça,Cohab,Rua Engenho Bem Querer / Rua Engenho Bela Flor / R Engenho Barra Branca / R Engenho Bela Rosa,-8.112185887,-34.95060483
206,Praça da Amizade,Praça,Torroes,Rua Leila Felix Karam/Rua Dr Aniceto Ribeiro Varejao/R Des Capistrano De Moraes E Silva,-8.065087774,-34.93222682
207,Praça do Fundão,Praça,Fundao,Avenida Beberibe,-8.013909336,-34.88944698
208,Praça Professor Trajano,Praça,Torre,Rua Prof Trajano De Mendonca / R Jose De Holanda / R Real Da Torre,-8.044982837,-34.90996987
209,Praça São Francisco de Assis,Praça,Varzea,Rua Vale Do Siriji /R Vale Do Jaguaribe/ R Soldado Jose Vivancio,-8.036490888,-34.9757881
210,Praça Tamarindo,Praça,Cohab,Rua Engenho Firmeza / Rua Engenho Timbi / Rua Engenho Tabare / Rua Engenho Segredo,-8.114388946,-34.9501783
211,Praça  João Maurício Campos,Praça,Cohab,Rua Tenente Joao Mauricio Campos / Rua Capitao Luiz Dorneles,-8.121774812,-34.94565974
212,Praça Artur Lima Cavalcanti,Praça,Santo Amaro,Avenida Prefeito Artur Lima Cavalcanti,-8.045358016,-34.874266
213,Praça da travessa José Leite,Praça,Pina,Travessa Jose Leite,-8.089403777,-34.88886883
214,Praça Luiz Americo Willians,Praça,Cohab,Rua Engenho Belo Prado / Rua Engenho Bom Mirar/R Engenhoc Serra Grande/ Rua Engenho Flor Do Bosque,-8.113285082,-34.95039008
215,Praça João Rique,Praça,Iputinga,Rua  Joao Rique/Rua Lucilo Varejao/ Rua Des Oscar Coutinho,-8.032167777,-34.93204838
216,Praça José Maria do Nascimento Paraíba/Lixão,Praça,Cohab,Rua Juparana / Rua Codajas / Avenida Valenca,-8.119127435,-34.95361817
217,Praça da rua ABC,Praça,Afogados,Rua Abc / Rua Aprigio Alves,-8.082779575,-34.91067924
218,Praca Santa Luzia,Praça,Cohab,Rua Lupianopolis / Rua Mandaguacu / Rua Manduri / Rua Rio Paracatu,-8.115719677,-34.95500836
219,Praça Brasilit,Praça,Varzea,Rua Engenheiro Vasconcelos Bittencourt/ Rua Abatia,-8.041706266,-34.95026367
220,Praça Sabere,Praça,Varzea,Rua Emeterio Maciel/ Rua Frutuoso Gomes/Trv Frutuoso Gomes,-8.03727147,-34.95239724
221,Praça Quitéria,Praça,Varzea,Rua Joao Francisco Lisboa/Rua Michael Felix Karan/Rua Quiteria,-8.052537548,-34.95636268
222,Praça Carmela Dutra/Ipiranga,Praça,Afogados,Rua General Souza Doca/Rua General Guimaraes Cova,-8.078167137,-34.91432807
223,Praça Isabel Cabral,Praça,Afogados,Rua Vicente Ribeiro De Barros/Rua Luis De Franca Da Costa Cabral,-8.080062722,-34.91913278
224,Praça Joaquim Cardoso/da Biblioteca,Praça,Afogados,Rua Francisco Uchoa/Rua Prof Augusto Wanderley Filho/Rua Jacira,-8.082177592,-34.9080519
225,Praça João Miguel de Souza Junior,Praça,Engenho Do Meio,R Valdemar Falcao / Avenida Visconde De Sao Leopoldo/R Dom Joao Moura/Trv Valdemar Falcao,-8.058880804,-34.94576938
226,Praça João Miguel de Souza Junior,Praça,Engenho Do Meio,Rua Dom Joao Moura/ Trv Valdemar Falcao/ R Jose Dos Santos/Avenida Visconde De Sao Leopoldo,-8.059468402,-34.94566536
227,Praça Sítio das Palmeiras,Praça,Engenho Do Meio,Rua  Alvaro Texeirade Mesquita/ Rua Bom Pastor /Rua Presidente Washington Luiz,-8.051317352,-34.93922838
228,Praça Maria Sampaio Lucena,Praça,Cohab,Avenida Pernambuco / Rua Santa Maria Madalena,-8.120939851,-34.94593532
229,Praça Paulo Freire,Praça,Madalena,Avenida Beira Rio /Rua Demostenes De Olinda,-8.04977648,-34.90498149
230,Praça do Finado Leiteiro,Praça,Cohab,Rua Serra Bonga / Rua Parintins / Rua Sabara / Rua Paulista,-8.120234711,-34.94726276
231,Parque Doutor Arnaldo Assunção,Parque,Engenho Do Meio,Rua Antonio Borges Uchoa/ Rua Antonio Curado/ R Manuel Alves Deusdara / R Governador Lopo Garro,-8.057223142,-34.94285155
232,Praça Coronel Silva Torres,Praça,Derby,Rua Coronel Silva Torres (Area Militar),-8.053406687,-34.90355401
233,Praça da Rua Cordislândia,Praça,Iputinga,Avenida Marechal Cordeiro De Farias/ Rua Cordislandia/ R Cristovao Cavalcanti,-8.039633133,-34.93494625
234,Praça da Alegria,Praça,Boa Vista,Rua Des Cunha Barreto/ Rua Da Alegria,-8.063708519,-34.88698962
235,Praça da Comunidade,Praça,Cohab,Rua Rio Indaia / Rua Rio Parnaiba / Rua Rio Juruena / Rua Rio Tapajos,-8.116194218,-34.94763521
236,Praça do Forte do Brum,Praça,Recife,Avenida Militar,-8.052791938,-34.87148251
237,Praça Cívica,Praça,Santo Amaro,Rua Alexandre Moura/ Avenida Cruz Cabuga,-8.046881037,-34.87599171
238,Praça do Escorrego,Praça,Cohab,Avenida Pernambuco / Rua Rio Arinos / Rua Rio Indaia / Rua Rio Caqueta,-8.11750539,-34.94688157
239,Praça Estevão de Sá,Praça,Varzea,Avenida Caxanga/ Rua Caxanga Agape,-8.036645069,-34.94648015
240,Praça da Rua Caxangá Agape,Praça,Varzea,Avenida Caxanga/Rua Caxanga Agape,-8.036157479,-34.94740386
241,Praça Herois da Restauração /do Buraco,Praça,Areias,Rua Caja/Rua Oiticica Lins/Rua Calumbi /Rua Ipojuca,-8.097417499,-34.93563583
242,Praça Cristo Rei,Praça,Cohab,Rua Sao Fidelis / Rua Diamantino / Rua Joanesia / Rua Marlieria,-8.120631578,-34.95473409
243,Praça Engenho Poeta/do Rotary,Praça,Varzea,Avenida Caxanga/ Rua Pedro Lund,-8.034238461,-34.95088649
244,Praça Monsenhor Arruda Camara,Praça,Areias,Rua Antonio Vaz/Rua General Francisco Figueiroa,-8.091585271,-34.93027685
245,Praça José Cicílio,Praça,Areias,Rua Capitao Jeronimo Amaral/ R Capitao Vicente Moutinho/Rua Capitao Amador Rodrigues,-8.094189484,-34.9332826
246,Praça Antonio Bezerra Pontes,Praça,Areias,Praca Do Sena/Rua Capitao Fernao De Melo/Rua Capitao Domingos Da Costa,-8.096969362,-34.93386564
247,Praça da Mentira,Praça,Areias,Rua Capitao Amaro Cerqueira/ Rua Sargento Afonso Rodrigues/ R Cap F Da Rocha/ R Cap A Do Rego,-8.096804269,-34.9326179
248,Praça da Rua Água Preta,Praça,Cohab,Rua Gloria Do Goita / Rua Jaboataorua Agua Preta / Rua Lagoa De Itaenga,-8.123178781,-34.94748407
249,Praça da Vtiória,Praca,Areias,Rua Capitao Gregorio De Albuquerque/Avenida Izabel De Goes,-8.094423466,-34.93421939
250,Praça da Avenida da Recuperação,Praça,Guabiraba,Avenida Da Recuperacao,-7.987094409,-34.93509587
251,Praça Vale do Siriji,Praça,Varzea,Rua Vale Do Siriji/ Rua Americo Virgilio,-8.036230847,-34.97685972
252,Praça da Rua Solanea,Praça,Cohab,Rua Solanea/ Rua Mundau/ Rua Pirpirituba/ Rua Guaraquebaca,-8.116536938,-34.95369235
253,Praca Arlindo Araujo Filho,Praca,San Martin,Rua Professor José Calazans / 1º Travessa Da Rua Manuel Vieira,-8.070507075,-34.93289333
254,Praça Cais Edgar Amorim,Praça,Jaqueira,Avenida Rui Barbosa,-8.037148563,-34.90625213
255,Parque Dona Lindu,Parque,Boa Viagem,Avenida Boa Viagem,-8.14134971,-34.90415197
256,Praça Professor Rutilho,Praca,Coqueiral,Rua Professor Rutilho/Rua Inaja/Rua Alcantara/Rua Pagy,-8.088984264,-34.96728722
257,Praça Professor Rutilho,Praca,Coqueiral,Rua Professor Rutilho/Rua Inaja,-8.088673735,-34.96701413
258,Praça Simon Bolivar,Praça,Santo Amaro,Avenida Governador Agamenon Magalhaes/ Avenida Cruz Cabuga,-8.03719613,-34.87002708
259,Praça Simon Bolivar,Praça,Santo Amaro,Avenida Gov Agamenon Magalaes/ Avenida Cruz Cabuga,-8.03754857,-34.87007163
260,Praça Memorial Arco Verde,Parque,Santo Amaro,Avenida Agamenon Magalhaes/ Avenida Cruz Cabuga,-8.036608071,-34.87010932
261,Praça Memorial Arco Verde,Parque,Campo Grande,Avenida Agamenon Magalhaes/ Avenida Cruz Cabuga,-8.03610835,-34.87077364
262,Praça da Avenida Maurício de Nassau,Praca,Cordeiro,Avenida Mauricio Da Nassau/Rua Luiz Carlos Guilherme,-8.043500973,-34.92234616
263,Praça da Avenida Maurício de Nassau,Praca,Cordeiro,Avenida Mauricio De Nassau/ Rua Luiz Carlos Guilherme,-8.043888562,-34.92246046
264,Praça Silva Jardim,Praça,Monteiro,Avenida Dezessete De Agosto/ Rua Temporal,-8.02777343,-34.92886297
265,Praça Quartel General,Praca,Boa Vista,Rua Do Hospicio/ Rua Do Principe,-8.05811559,-34.88327215
266,Praça José da Mota Silveira,Praça,Madalena,Rua Arlindo Gouveia/Avenida Beira Rio,-8.0564113,-34.90379033
267,Praça Joca Leal,Praça,Casa Amarela,Largo De Casa Amarela/ Rua Santa Izabel,-8.026715931,-34.91874033
268,Praça Amaro Lopes/da Fumaça,Praça,Alto Jose Do Pinho,Rua Principal / Rua Monte Horeb,-8.023460228,-34.90806016
269,Parque Sítio da Trindade/Arraial V. do Bom Jesus,Parque,Casa Amarela,Estrada Do Arraial / Estrada De Entrocamento/Rua Pedro Afonso,-8.030021972,-34.91275685
270,Praça José Bonifácio,Praça,Alto Jose Bonifacio,Trv Corrego Do Euclides/R Alto Jose Bonifacio/ R Alto Da Serrinha/R Alto Da Conquista/Rua Sao Jose,-8.012440826,-34.91357212
271,Praça Jenner de Souza,Praca,Derby,Rua Amaro Bezerra/ R Jenner De Souza,-8.054924707,-34.90034744
272,Praça Otávio de Freitas,Praça,Derby,Rua Jener De Souza/ Rua Amauri De Medeiros,-8.057887213,-34.90050161
273,Praça da Rua José Pimentel,Praça,Ipsep,Rua Jose Pimentel/Rua Candido Portinari/Rua Adolfo Ferreira/Rua Fernando Ferrari,-8.114548305,-34.91848104
274,Largo Dom Luiz,Praça,Vasco Da Gama,Largo Dom Luiz / Avenida Norte Miguel Arraes De Alencar,-8.020885691,-34.91734692
275,Praça General Euler Bentes/da Sudene,Praça,Ipsep,Rua Jean Emile Favre/Rua Sartunino Meireles/Avenida Raimundo Diniz/Rua Silveira Neto,-8.113887535,-34.92190533
276,Praça do Monteiro,Praça,Cohab,Rua Soldado Antonio Aparecido/ Rua Sargrnto Rubens Leite/,-8.127494322,-34.94578104
277,Praça Maria Vitalina Gonçalves da Rocha,Praça,Bongi,Rua Dona Maria Augusta Nogueira/Rua Isaac Markman,-8.063929747,-34.92180501
278,PRC SENHOR BARTOLOMEU,Praça,Macaxeira,Rua Coronel João Batista Do Rego Barros/ Rua Antonio  Batista De Souza,-8.017911929,-34.93295864
279,Praça da Quadra,Praça,Vasco Da Gama,Rua Cassatuba/Rua Catigua,-8.012731231,-34.92137623
280,Praça Sitio Grande,Praça,Alto Do Mandu,Avenida Norte Miguel Arraes,-8.019765636,-34.92688557
281,Praça Nadir Colaco,Praça,Macaxeira,Avenida Norte Miguel Arraes De Alencar/ Rua Ana/ R Pedro Paes De Mendonca,-8.016750179,-34.92925896
282,Praça José Vieira,Praça,Imbiribeira,Rua Engenho Carauna/ Rua Manoel Serafim Do Couto,-8.087220203,-34.90516133
283,Praça José Vieira,Praça,Imbiribeira,Rua Engenho Agua Clara/ Rua Manoel Serafim Do Couto,-8.086877574,-34.90536075
284,Praça da Morena,Praça,Cohab,Avenida Rio Grande / Rua Rio Jaró / Rua Rio Uruguai,-8.116369718,-34.94830291
285,Praça da Morena,Praça,Cohab,Avenida Rio Grande / Rua Rio Gurupí/ Rua  Rio Parauá,-8.11617109,-34.94890321
286,Praça Campo do Lagoão,Praça,Cohab,Rua Dr Cezar Montezuma / Rua Alfredo Martins De Almeida,-8.128845111,-34.95083215
287,Praça Boco-Moco/da UR 5,Praça,Cohab,Rua Joao Joaquim De Mello Filho/R Gal Coelho Cintra/ R Des Thomaz C Wanderley/R Alvarenga Peixoto,-8.132747044,-34.94970258
288,Praça Nova Esperança,Praça,Iputinga,Rua Nova Alianca (Vila Uniao),-8.030824123,-34.93262109
289,Praça Maracangaia,Praça,Cohab,Rua Guaratuba/Rua Manacapuru/Rua Pirpirituba/Rua Obidos,-8.116811063,-34.9546874
290,Parque Exposição do Cordeiro,Parque,Cordeiro,Avenida Mauricio De Nassau/ Rua Costa Maia/ Avenida Caxanga/ Rua Antero Mota,-8.044744487,-34.92535678
291,Praça Flor de Cheiro,Praça,Cohab,Rua Quirinópolis / Rua Currais Novos/ Rua Maua/ Rua Itaperuna/,-8.120125345,-34.95710594
292,Praça João Felipe Santiago,Praça,Cohab,Rua Sapucaia / Avenida Santa Fe,-8.118819683,-34.95492513
293,Praça Gonçalo Leitão,Praça,Cohab,Rua Cientista Nelson Chaves / Rua Capitao Joao De Albuquerque / Rua Goncalo Leitao,-8.128727997,-34.94708775
294,Praça da rua Itacambira,Praça,Ipsep,Rua Itanage/Rua Potengy/Rua Itacambira/Trv Itanage,-8.105712489,-34.91999826
295,Praça da Rua Arquiteto Luiz Nunes,Praça,Imbiribeira,Rua Frederico Lundgren / Rua Olivia Menelau,-8.089276206,-34.91049532
296,Praça da Avenida Engenheiro Abdias de Carvalho,Praça,Curado,Rua Dr Flavio Ferreira Da Silva Marojo/ Avenida Engenheiro Abdias De Carvalho,-8.067910349,-34.93832462
297,Praça da Avenida Engenheiro Abdias de Carvalho,Praça,Torroes,Rua Dr Flavio Ferreira Da Silva Marojo/ Avenida Engenheiro Abdias De Carvalho,-8.065952236,-34.93789124
298,Praça do Largo da ponte do Motocolombo,Praça,Afogados,Avenida Sul/Avenida Marechal Mascarenhas De Moraes,-8.082850417,-34.90642201
299,Praça Rafael de Oliveira Alves,Praça,Jardim Sao Paulo,Rua Jundiai/ Alca Do Viaduto Da Ceasa,-8.075239891,-34.94558515
300,Praça Truaca/Tempo de Crescer,Praça,Cohab,Rua Engenho Mata Limpa / R Engenho Terra Vermelha / R Engenho Laje Bonita / R Engenho Pedra Lavrada,-8.111212827,-34.95146858
301,Praça Tempo de Crescer,Praça,Cohab,Rua Engenho Linda Flor/ Rua Engenho Duas Barras/ R Engenho Laje Bonita,-8.111087025,-34.95081999
302,Praça Luiz de Lacerda,Praça,Iputinga,Avenida Luiz De Lacerda/Rua Veneza/Avenida Historiador Jordao Emerenciano,-8.036268228,-34.94338123
303,Praça do Caixito,Praça,San Martin,Rua Flora Rica /Rua Pedro Boulitreau/ Rua Farroupilha,-8.074056853,-34.93108626
304,Praça Boco-Moco/da UR 5,Praça,Cohab,Rua Afonso Arinos/ R Arq Reinaldo Alves Maia/ R Des Thomaz C  Wanderley/ R Arq Maria Lucia Barbosa,-8.133478736,-34.95051865
305,Praça Ministro Salgado Filho,Praça,Ibura,Avenida Marechal Mascarenhas De Moraes,-8.133597383,-34.91695028
306,Praça da Rua Riacho Doce,Praça,Cohab,Rua Riacho Doce / Rua Engenho Barra Azul / Rua Engenho Bela Vida,-8.112307346,-34.95126004
307,Praça Monteiro Lobato,Praça,Cohab,Rua Pedro Malazarte / Rua Marquês De Rabico / Rua Do Garnize,-8.131932272,-34.94735949
308,Praça Robert Kennedy/da Juventude,Parque,Ipsep,Rua Frof Nelson Melo/R Estudante Sinval Meira Henrique/Avenida Sen Robert Kennedy/R Dr Ruy L  Cavalcanti,-8.116369686,-34.91858583
309,Praça da rua João Guilherme,Praça,Ipsep,Rua Jose Pimentel/R Esperidiao Cordeiro De Morais/R Antonio Conselheiro/R Joao Guilherme,-8.115386499,-34.91944517
310,Praça da rua Junqueira Freire,Praça,Ipsep,Rua Jose D'Emery Carneiro/Rua Albino Reine/R Antonio Conselheiro/Rua Junqueira Freire,-8.116225406,-34.92041192
311,Praça da rua Leonardo da Vinci,Praça,Imbiribeira,Rua Leonardo Da Vinci/ Rua Goncalves De Magalhaes/  Rua Bernardino Da Costa,-8.117564241,-34.91620587
312,Praça Encanta Moça/Posto Policial,Praça,Pina,Rua Artur Licio,-8.093072428,-34.88864188
313,Praça arquiteta Maria Lucia,Praça,Ipsep,Rua Esdras Farias/Rua Helio Brandao/Rua Americo De Campos/Rua Abdias Cabral De Moura,-8.103822755,-34.92671357
314,Praca Mauriceia,Praça,Ipsep,Rua Araraquara/Rua Itaquice/Rua Jean Emile Favre/ Rua Aracatuba,-8.107793342,-34.91646488
315,Praça do Jacaré,Praça,Imbiribeira,Rua Raul Leoni/ Rua Simoes Neto/ Rua Edward Jenner/ R Deputado Antonio Heraclio,-8.118242401,-34.91781849
316,Praça Josen Demery Carneiro,Praça,Ipsep,Rua Jose D'Emery Carneiro/ R Inez De Castro/R Aristharcho Lopes/R Dr Samuel Hardman C De Albuquerque,-8.117063431,-34.92137852
317,Praça Lins do Rego/dos Brotos,Praça,Imbiribeira,Rua Lins Do Rego/ Rua Lopes Trovao/ Rua Paulo De Prontin/ Rua Manuel De Macedo,-8.118709463,-34.91914364
318,Praça Circular do Alto Jordão,Praça,Jordao,Rua Toritama / Avenida Dona Carentina,-8.134237437,-34.94381569
319,Praça Mercado Municipal da UR-5,Praça,Cohab,Rua Dr Otavio Moraes Vasconcelos / Rua Capitao Vicente Curado,-8.132432675,-34.94882182
320,Praça da rua Elza Leal Wanderley,Praça,Ipsep,Rua Eliza Leal Wanderley/Rua Deputado Celso Miranda/Rua Alaide Sa Leitao/ Avenida Presidente Dutra,-8.110108388,-34.92662342
321,Praça da rua Rosa M. de Melo,Praça,Ipsep,Rua Deputado Edson Moury Fernandes/R Rosa Magalhaes/Avenida Pres Dutra/R Maria Jose Mota Da Silveira,-8.108636596,-34.92682751
322,Praça do S,Praça,Cohab,Avenida Mato Grosso / Rua Rio Ica / Rua Rio Ivo,-8.122273432,-34.94705778
323,Praça Todos os Santos,Praça,Cohab,Rua Todos Os Santos/ Rua Sepetiba/ Rua Piassabussu/Rua Ilheus,-8.121080341,-34.95345689
324,Praça da Rua Jatobá,Praça,Cohab,Rua Arco Verde / Rua Sao Vicente Ferrer,-8.123667543,-34.94645226
325,Praça Vitória do Povo,Praça,Cohab,Rua Jordania,-8.118321894,-34.94616099
326,Praça Geraldo Vilas Boas,Praça,Cohab,Rua Padre Manuel Ribeiro Da Rocha / R Barbara Heliodora / R Jose Do Patrocinio / R Cupertino Cintra,-8.131276898,-34.94911435
327,Praça Dalva de Oliveira,Praça,Cohab,Rua Guaranta / Rua Tocantinopolis / Rua Neopolis / Rua Sao Bento Do Una,-8.116224924,-34.94646448
328,Praça da rua Quintino Bocaiuva,Praça,Ipsep,Rua Barao De Jaqui/Rua Comandante Garcia D'Avilla/R Quintino Bocaiuva/R Orestes Barbosa,-8.115533124,-34.91762026
329,Praça da Rua Clotilde de Machado I e II,Praça,Ipsep,Rua Pintor Antonio Albuquerque/Rua Clotilde Machado/Rua Itacambira,-8.107275838,-34.92177898
330,Praça da Rua Clotilde de Machado I e II,Praça,Ipsep,Rua Itacambira/Rua Clotilde Machado/Rua Irapua,-8.107671976,-34.92143116
331,Praça professor Jeronimo Gueiros,Praça,Jordao,Rua Joraci Camargo / Rua Pianco / Rua Santa Agda / Rua Tamara,-8.13499924,-34.9400395
332,Praça da rua José Rodrigues,Praça,Pina,Rua Jose Rodrigues,-8.090992837,-34.89257984
333,Praça da rua Guarabira,Praça,Imbiribeira,Rua Antonio Paes Barreto/ Rua Jose Da Silva Lucena / Rua Guarabira / Rua Sargento Silvino De Macedo,-8.114097516,-34.9074951
334,Praça Campo de pelada Carlos Rios,Praça,Imbiribeira,/ Rua Moacir Albuquerque,-8.085727266,-34.91051676
335,Praça do Terminal de ônibus da UR-2,Praça,Cohab,Rua Monica Raposo/ Avenida Santos,-8.114574472,-34.95533183
336,Praça da Avenida Senador Robert Kennedy,Praça,Imbiribeira,Avenida Senador Robert Kennedy/Rua Condessa De Barral/ Rua Joao Ramalho/R Jose Fernandes Portugal,-8.117619511,-34.91837467
337,Praça da CHESF,Praça,Torroes,Avenida Engenheiro Abdias De Carvalho/ Rua Delmiro Gouveia Rua Quinze De Marco,-8.062636847,-34.93095874
338,Praça do Bueirão,Praça,Torre,Rua Barreto Campelo/ Rua Zilda S De Santana,-8.046109959,-34.91386863
339,Praça Jacarezinho,Praça,Campina Do Barreto,Rua Iguatu/Travessa Garibaldi,-8.018500505,-34.88289503
340,Praça Chão de Estrelas,Praça,Campina Do Barreto,Rua Doutor Elias Gomes,-8.020573233,-34.87994024
341,Praça Novaes Filho,Praça,Campina Do Barreto,Rua Iguatu/ Rua Constanca/ R Coronel Mario  Liborio,-8.016610587,-34.8819309
342,Praça do IML,Praça,Cohab,Rua Engenho Babilonia / Rua Engenho Titara / Rua Engenho Mameluco,-8.11286166,-34.94932137
343,Praça Getulio Vargas,Praça,Cordeiro,Rua Raul Morais/Avenida General San Martin/ Rua Tomaz Gonzaga,-8.054004913,-34.92272441
344,Praça Santa Lucia,Praça,Iputinga,Avenida Mauricio De Nassau/ R Santa Lucia/ Trv Santa Lucia,-8.039151075,-34.93011995
345,Praça Chico Scince,Praça,Ilha Do Retiro,Avenida Abdias De Carvalho,-8.061929077,-34.90169642
346,Praça Doutor Jose de Melo,Praça,Parnamirim,Rua Padre Roma/ Rua Sebastiao Malta Arco Verde/Rua Afonso Celso,-8.032712668,-34.90740837
347,Praça Doutor Jose de Melo,Praça,Tamarineira,Rua Sebastiao Alves/ Rua Afonso Celso,-8.032659255,-34.90713144
348,Praça Alto da Serrinha,Praça,Alto Santa Terezinha,Rua Alto Da Serrinha/Rua Alto Do Tiro,-8.012648303,-34.90931455
349,Praça Alto da Serrinha,Praça,Alto Santa Terezinha,Rua Alto Da Serrinha/Rua Alto Brasil,-8.012563637,-34.90911644
350,Praça Arão Botler,Praça,Porto Da Madeira,Avenida Cidade De Monteiro/Rua Arao Botler,-8.008670426,-34.88814566
351,Praça Treze de Junho,Praça,Rosarinho,Avenida Prof Jose Dos Anjoa/ Rua Santos Dumont/R Treze De Junho,-8.028282743,-34.894669
352,Praça Treze de Junho,Praça,Rosarinho,Avenida Santoa Dumont/Rua Treze De Junho/Avenida Prof Jose Dos Anjos,-8.028376755,-34.89501515
353,Praça das Flores,Praça,Encruzilhada,Rua Euclides Fonseca/Rua Dr Jose Higino Ribeiro Campos/R Prof Joao Rodrigues,-8.033250341,-34.89383251
354,Praça Encanamento,Praça,Casa Amarela,Estrada Do Encanamento,-8.031791658,-34.91409823
355,Praça Bambu,Praça,Cohab,Rua Nova Cruz / Rua Diamantina,-8.121702686,-34.9544336
356,Praça da Biblia,Praça,Guabiraba,Estrada Da Mumbeca/ Travessa Da Estrada Da Mumbeca,-7.964861101,-34.92333092
357,Praça Souto Filho,Praça,Jaqueira,Rua Hoel Sette/Avenida Conselheiro Rosa E Silva/ Rua Do Futuro,-8.036102966,-34.90287433
358,Praça Professor Calazans,Praça,Madalena,Rua Galvao Raposo/Rua Jose Higino/ Rua Menezes Drumond/R Ernani Braga,-8.050560695,-34.91019588
359,Praça Odília Freire dos Santos,Praça,Boa Vista,Avenida Montevideu/Avenida Governador Agamenon Magalhaes,-8.04948682,-34.89307306
360,Praça Aúreo Xavier,Praça,Cordeiro,Rua Aureo Xavier/Rua Francisco Vita / R Dom Jose Pereira Alves,-8.050663593,-34.92580564
361,Praça Aúreo Xavier,Praça,Cordeiro,Rua Aureo Xavier/ R Dom Jose Pereira Alves/Estrada Do Forte Do Arraial Novo Do Bom Jesus,-8.050232683,-34.92658325
362,Praça Cosme Viana,Praça,Afogados,Rua Padre Teofilo Tworz/ Rua Cosme Viana,-8.065654813,-34.90883536
363,Praça Industrial Miguel Santos,Praça,Boa Viagem,Rua Pedro Americo Galvao/Rua Baltazar Pereira,-8.101388665,-34.88607995
364,Praca Esmeralda,Praça,Cohab,Rua Engenho Buranhem / Rua Engenho Cabucu / Rua Engenho Matapagipe,-8.114716636,-34.94712554
365,Praça Jockey Clube,Praça,Prado,Dentro Do Joquei Club,-8.061409382,-34.91336654
366,Praça São Francisco/Amante das Flores,Praça,Cohab,Avenida Rio Sao Francisco / Rua Jaguaruna / Rua Caraubas,-8.115585041,-34.94599427
367,Praça Conselheiro João Alfredo,Praça,Madalena,Rua Real Da Torre/ Rua Benfica,-8.057328865,-34.908882
368,Praça Conselheiro João Alfredo,Praça,Madalena,Rua Benfica/Avenida Caxanga,-8.056885206,-34.90932343
369,Praça do Anfiteatro,Praça,Nova Descoberta,Rua Alto Do Reservatorio,-8.001463173,-34.935715
370,Praça Chayenne,Praça,Porto Da Madeira,Avenida Beberibe/Rua Judith/ R Do Anil,-8.006060549,-34.8922996
371,Praça Castro Alves,Praça,Encruzilhada,Avenida Norte Miguel Arraes De Alencar/R Natividade Saldanha/Rua Marechal Deodoro,-8.04000747,-34.88705319
372,Praça Bomba do Hemetério,Praça,Bomba Do Hemeterio,Rua Bomba Do Hemeterio/ Rua Cha De Alegria,-8.020226629,-34.90323444
373,Praça Alfredo Ozório,Praça,Tamarineira,Rua Alfredo Ozório / Rua São Vicente,-8.029367443,-34.90649245
374,Praça Ayrton Senna,Praça,Cohab,Rua Engenho Bom Destino / R Engenho Agua Branca  / R Engenho Serra Grande / R Engenho Tres Marias,-8.113411477,-34.951048
375,Praça Virgilio de Oliveira,Praça,Poco,Rua Virgilio Oliveira/ Rua Monsenhor Lobo /Rua Tito Livio Soares,-8.037376007,-34.92241367
376,Praça 3º Jardim de Boa Viagem,Praça,Boa Viagem,Avenida Boa Viagem,-8.10823516,-34.88845837
377,Praça Sargento Max Wolf Filho,Praça,Afogados,Rua Florentino Olimpio Dos Santos/Rua Sargento  Wolff,-8.071654519,-34.9114084
378,Praça Largo Dona Regina,Praça,Nova Descoberta,Rua Bujaru/ Rua Nova Descoberta,-8.018561394,-34.92618305
379,Praça Heiji Gemba,Praça,Boa Viagem,Rua Heiji Gemba,-8.132921301,-34.90436301
380,Praça Doutor Alberto Wanderley,Praça,Porto Da Madeira,Avenida Cidade De Monteiro/Rua Dr Alberto Wanderley,-8.009162474,-34.88836702
381,Praça Gustavo Barrozo,Praça,Linha Do Tiro,Travessa Alto Da Serrinha/R Gustavo Barrozo,-8.012405066,-34.91221086
382,Praça São Pedro,Praça,Brasilia Teimosa,Rua Brazopolis/ Avenida Brasilia Formosa,-8.088754849,-34.88035131
383,Praça Poço da Panela,Praça,Poco,Estrada Real Do Poco,-8.037073095,-34.92546349
384,Praça Saturnino de Brito,Praça,Cabanga,Avenida Sartunino De Brito/Rua Bituri,-8.079493912,-34.89299581
385,Praça de Casa Forte,Praça,Casa Forte,Rua Da Praca De Casa Forte,-8.034613064,-34.9193523
386,Praça Sérgio Loreto,Praça,Sao Jose,Avenida Sul/Avenida Dantas Barreto/Rua Imperial/ Rua Da Concordia,-8.07266317,-34.88476982
387,Praça Canavial,Praça,Dois Unidos,Rua Canavial/Rua Dr Luiz Ramos Leal,-8.000901107,-34.90160325
388,Praça Luiz de Lacerda,Area Verde,Iputinga,Avenida Historiador Jordao Emerenciano/ Rua Quipapa/ Rua Veneza,-8.035896445,-34.94310322
389,Praça Alberico Glasner da Rocha,Praça,Caxanga,Rua Alberico Glasner Da Rocha/Rua Prof Barros Lima/ Rua Dirceu Pessoa,-8.023210481,-34.95766712
390,Praça Francisco Apolônio Jorge Sales,Praça,Soledade,Rua Da Soledade/Rua Joao Fernandes Vieira,-8.056381656,-34.89004205
391,Praça da Rua Joaquim de Brito,Praça,Ilha Do Leite,Da Rua Joaquim De Brito/Rua Esperanto/Rua Jornalista Trajano Chacon/ Rua General Joaquim Inacio,-8.063147243,-34.89352903
392,Praça Doutor Pedro Cavalcanti,Praça,Tamarineira,Rua Dr. Jose Maria/Rua Neto De Mendonça/Rua General Abreu E Lima/,-8.03517934,-34.90017692
393,Praça João Pereira Borges,Praça,Derby,Rua Manoel Caetano/ R Dr Osvaldo Lima/ R Guilherme Pinto/ R Clemente Pereira,-8.054339208,-34.90179053
394,Praça da Criança Alexandra Vilma Dias,Praça,Cohab,Rua Doutor Benígno Jordão De Vasconcelos / Rua José Luiz De Oliveira Barros Sobrinho,-8.119642827,-34.95056318
395,Praça Doutor Pádua Walfrido,Praça,Areias,Rua Rio Solimões/Rua Santa Joana D'Arc,-8.097461844,-34.93703052
396,Praça Franco Gomes Coutinho,Praça,Mangueira,Rua Dr Joao Elisio/ Avenida Central,-8.078626485,-34.91971566
397,Praça da Juventude,Praça,Cohab,Rua Palmeirina / Rua Perdizes / Rua Panorama / Rua Sao Bento Do Una,-8.117294235,-34.94616336
398,Praça Vereador Carlos Duarte,Praça,Santo Amaro,Rua Capitão Lima/ Rua Do Veiga,-8.052914011,-34.87953664
399,Praça El Salvador,Praça,Jardim Sao Paulo,Rua Dr Devaldo Borges/Rua Aguanil/Avenida Sao Paulo,-8.080472999,-34.94025329
400,Praça Queira Deus,Praça,Tejipio,Rua Falcão De Lacerda/ Rua Queira Deus,-8.092483772,-34.96183406
401,Praça Quinze de Setembro,Praça,Imbiribeira,Rua Felipe De Oliveira/R Bernardino Da Costa/ R Louis Pasteur/ Rua Pedro Lessa,-8.117062053,-34.91715269
402,Praça Ana Lima Brandão,Praça,Barro,Rua Padre Alberione /R Jose Benedito Moury Fernandes/R Alheiros Maia/R Exp Sebastiao Clementino,-8.09549176,-34.94386536
403,Praça Compositor Antônio Maria,Praça,Santana,Rua Samuel Farias / Rua Nestor Silva / Rua Afonso De Albuquerque Melo,-8.040307848,-34.91378683
404,Parque Jonathan Marques da Cunha,Parque,Cordeiro,Avenida Mauricio De Nassau / Rua Estevao Francisco Da Costa,-8.041767548,-34.92317634
405,Parque Jonathan Marques da Cunha,Parque,Iputinga,Avenida Mauricio De Nassau,-8.03841897,-34.92763868
406,Parque Jonathan Marques da Cunha,Parque,Cordeiro,Avenida Mauricio De Nassau,-8.040234263,-34.92601552
407,Praça Dr Fernando Figueira,Praça,Ilha Do Leite,Rua Marques Amorim / Rua Jose De Alencar/ Rua Estado De Israel,-8.065514974,-34.89326168
408,Parque de Apipucos,Parque,Monteiro,Rua Apipucos,-8.021990604,-34.93320107
409,Praça Maurício de Nassau e Duarte Coelho,Praça,Sao Jose,Cais De Santa Rita,-8.071509944,-34.87621436
410,Parque da Tamarineira,Parque,Tamarineira,Avenida Conselheiro Rosa E Silva / Rua Cônego Barata,-8.032919802,-34.90181629
411,Praça João Francisco Lisboa,Praça,Varzea,Rua  Joao Francisco Lisboa / Rua  Inacio De Barros Barreto,-8.053074889,-34.95955794
412,Praça do Terminal,Praça,Areias,Rua Dr Gil Francisco Da Rocha/Rua Capitão Amaro Cerqueira/ Rua Sargento Afonso Rodrigues,-8.094489339,-34.92404121
413,Praça Izabel de Goes,Praça,Areias,Rua Izabel De Goes/ Rua Antonio Vidal/ Avenida Recife,-8.090526773,-34.92996294
414,Praça Zeppelin,Praça,Jiquia,Rua Lázaro Fontes/ Trv Lázaro Fontes/Avenida Dr. José Rufino,-8.083288224,-34.92522742
415,Praça do Tourão,Praça,Areias,Avenida Tapajós/Rua Ernesto Nazareth,-8.092859902,-34.92536535
416,Praça Infantil John F. Kennedy,Parque,Curado,Rua Itamonte/Rua Andira,-8.081735785,-34.95581679
417,Praça Professor Paulo Silveira do Nascimento,Praça,Afogados,Rua Daniel Antônio Rodrigues,-8.083186297,-34.92185723
418,Praça João Stanislau,Praça,Areias,Rua Rio Solimões/Rua Novo Horizonte/Rua Helio Almeida,-8.097661118,-34.93837157
419,Praça Queira Deus,Praça,Tejipio,Rua Queira Deus,-8.092678047,-34.96173746
420,Praça Dom Helder,Praça,Curado,Rua Quatro De Setembro/Rua Curua/Rua Padre José,-8.081500114,-34.95375576
421,Praça Padre Romano Zuferey,Praça,Jardim Sao Paulo,Rua Maria Do Carmo Catunda/Rua Dr Devaldo Borges,-8.078357109,-34.93973457
422,Praça Maria Madalena Bispo,Praça,Curado,Estrada Do Curado/1Tr Sidrolandia,-8.079585171,-34.9521782
423,Praça Zeppelin,Praça,San Martin,Rua Des Lopes Gama/  Rua Bonifácio De Andrade,-8.07290586,-34.92792277
424,Praça Zumbi dos Palmares,Praca,Macaxeira,Avenida Jose Americo De Almeida,-8.01054197,-34.9308843
425,Praça do Jordão,Praça,Jordao,Rua Jose Martorano / Rua Dr Andrade Lyra / Rua Dr Alvaro Ferraz /Rua Lima Campos,-8.130438342,-34.93801131
426,Parque de Santana,Parque,Santana,Rua Jorge Gomes De Sá / Rua Dr Abel Ventura,-8.042019233,-34.91782559
427,Rua Maria Adelaide Castelo Branco,Praca,Cohab,Rua Maria  Adelaide Castelo Brancorua Joao Cordeiro De Souza,-8.124246154,-34.95112973
428,Praça da Rua José Augusto de Barros,Praca,Jiquia,Rua Dr Rinaldo Victor Fernandes/ Rua Jose Augusto De Barros,-8.086837182,-34.92314045
429,Praça da Rua Pinheiro Machado,Praca,Cohab,Rua Pinheiro Machado/ Rua Professor Pacifico Pereira,-8.134214402,-34.95134622
430,Praça da Rua Professor Avertano Rocha,Praca,Torroes,Rua Professor Avertano Rocha/ Rua Des Capistrano De M E Silva,-8.066851556,-34.93340057
431,PRC   RUA AUGUSTO BAMBERG DE MELO,Praca,Tejipio,Rua Augusto Bamberg De Melo,-8.089731349,-34.94989529
432,Praça da Rua Príncipe da Beira,Praca,Jiquia,Rua Principe Da Beira,-8.090665807,-34.92269581
433,Praça da Rua Tristão da Cunha,Praca,Cohab,Rua Tristao Da Cunha/Rua Visconde De Santo Albino,-8.134950419,-34.95371043
434,Museu do Homem do Nordeste,são cerca de 15 mil peças no acervo retratando a formação do povo nordestino considerado um dos mais importantes museus antropológicos brasileiros. ,Casa Forte,Av. Dezessete de Agosto 2187,-8.030196,-34.925281
435,Museu Murilo La Greca,no Parnamirim os amantes da arte contemporânea conhecerão o acervo de 14 mil desenhos de Murilo La Greca em técnicas diversas. No local também são guardadas 160 pinturas e cartas trocadas pelo artista com Portinari e Giacometti.,Parnamirim,R. Leonardo Bezerra Cavalcante 366,-8.037325,-34.909832
436,Museu da Cidade do Recife,fica dentro do Forte das Cinco Pontas construção holandesa de 1630. No local o visitante pode desfrutar de um extenso acervo de documentos iconográficos sobre o Recife além de 150 mil imagens de antigas residências e peças religiosas.,São José,Praça das cinco pontas,-8.071313,-34.880809
437,Museu Militar,está no Forte do Brum no Bairro do Recife. O forte foi construído no século XVI para segurança e proteção da povoação do Recife além de ter sido cenário de inúmeros acontecimentos históricos. ,Recife,Av. Militar s/n,-8.052803,-34.871412
438,Museu de Arte Moderna Aloísio Magalhães (Mamam),integra o circuito de museus de arte moderna do Brasil e tem seu forte nas exposições temporárias.,Boa Vista,Rua da Aurora 265,-8.061285,-34.881394
439,Museu Franciscano de Arte Sacra,no bairro de Santo Antônio os visitantes podem observar valiosas peças do catolicismo no Recife e desfrutar da beleza da Capela Dourada datada de 1696 um dos melhores exemplos da arte sacra e do estilo barroco brasileiro. , Santo Antônio,R. Imperador Dom Pedro II 57,-8.062427,-34.877231
440,Casa-Museu Magdalena e Gilberto Freyre,no bairro de Apipucos onde o escritor viveu por mais de 40 anos totalmente conservada com objetos móveis e livros exatamente na mesma posição como eram no tempo de Gilberto Freyre. ,Apipucos,Rua Jorge Tasso Neto,-8.020598,-34.938482
441,Oficina Brennand,na Várzea reunindo as obras do artista plástico Francisco Brennand conhecido em várias partes do mundo e considerado um dos expoentes das artes plásticas contemporâneas. O espaço abriga mais de 2 mil esculturas além de painéis murais quadros e desenhos do artista. Outros dois pontos para conferir suas obras é no Parque das Esculturas de Francisco Brennand no molhe do Porto do Recife e o Pátio das Esculturas do Shopping Recife que reúne peças de vários artistas consagrados.,Várzea,Propriedade Santos Cosme e Damião s/n,-8.052569,-34.974795
442,Instituto Ricardo Brennand (IRB),também na Várzea é um castelo medieval que guarda uma fabulosa coleção de armas brancas telas do Brasil Colonial obras de arte de diversas épocas e procedências e a maior coleção privada do pintor holandês Frans Post. Destaque para a escultura de Botero e uma réplica de O pensador de Rodin.,Várzea, Alameda Antônio Brennand s/n,-8.065768,-34.964301
443,Museu do Estado de Pernambuco,Palacete do século XIX no bairro das Graças que possui um acervo de mais de 14 mil obras sobre arqueologia cultura indígena período de ocupação holandesa em Pernambuco arte sacra cultura afro-brasileira entre outras temáticas da história do estado. Recebe também exposições temporárias.,Graças,Av. Rui Barbosa 960,,-34.901995
444,Museu da Abolição,No bairro da Madalena o museu discute temas sobre escravidão e abolição visando preservar a memória do povo negro e influência na formação da cultura brasileira. Possui sala memorial miniauditório e sala para exposições temporárias.,Madalena,R. Benfica 1150,-8.0571555,-34.9090307
445,Instituto Arqueológico Histórico e Geográfico de Pernambuco,Centro de referência para pesquisadores de diversas áreas possui em seu acervo documentos e itens raros que representam a história do estado.,Boa Vista,Rua do Hospício 130,-8.0617337,-34.8843858
446,Museu de Arte Popular,A casa 49 do Pátio de São Pedro abriga o MAP sua coleção retrata os estados do nordeste brasileiro através de obras em madeira gesso e cerâmica (barro).,São José,Pátio de São Pedro 49,-8.0673105,-34.8790074
447,Cais do Sertão,Com experiências sensoriais e arquitetura inovadora o Cais do Sertão apresenta a cultura do homem sertanejo em um ambiente tecnológico e interativo. Objetos do cotidiano discos instrumentos musicais estão presentes em seu acervo. O visitante tem a oportunidade de tocar alguns instrumentos cantar em cabines de karaokê  além de contemplar uma réplica do Rio São Francisco e a arte da xilogravura.,Recife,Av. Alfredo Lisboa S/N,-8.0631633,-34.8711337
448,Casa do Carnaval ,Espaço destinado a pesquisas sobre as manifestações da cultura popular com acervo de livros periódicos teses cartas partituras fotografias notas de jornal entre outros documentos.,São José,Pátio de São Pedro Nº 38,-8.0667877,-34.8790547
449,Observatório Cultural Torre Malakoff,Observatório astronômico do século XIX funciona também como centro cultural abrigando exposições temporárias,Recife,Praça do Arsenal S/N,-8.0631633,-34.8711337
450,Sinagoga Kahal Zur Israel,Primeira singagoga das Américas funciona atualmente o Centro Judaico de Pernambuco. Escavações arqueológicas exposição de itens e documentos proporcionam o contado do visitante com a história do judeus no Recife.,Recife,Rua do Bom Jesus 197,-8.0618594,-34.8713172
451,Paço do Frevo,Espaço cultural no bairro do Recife conta através de seu ambiente toda a história da dança e ritmo Frevo. Dedicado à formação e pesquisa possui escola de dança e música além de um centro de documentação.,Recife,Praça do Arsenal da Marinha S/N,-8.0613183,-34.8716376
452,Memorial Chico Science,Buscando resgatar a obra do artista Chico Science o Memorial localizado no Pátio de São Pedro abriga exposições espaço para pesquisa e alguns eventos como a Semana Chico Science no mês de março que proporciona um momento de reflexão sobre o movimento Manguebeat.,São José,Pátio de São Pedro casa 21,-8.0671216,-34.8788421
453,Memorial Luiz Gonzaga,Com o objetivo preservar e difundir a obra de Luiz Gonzaga o Memorial também localizado no Pátio de São Pedro possui três núcleos operacionais: Núcleo Educativo dedicado à mediação e educação patrimonial Núcleo de Pesquisa proporcionando o acesso a documentos Núcleo de Música o qual trabalha na edição de partituras. Abriga exposição permanente.,São José,Pátio de São Pedro Casa 35,-8.0672249,-34.8789283
454,Museu do Trem,Contando a história do trem em Pernambuco a Estação Central Capiba possui acervo com peças colhidas nas antigas estações de trens do estado além de um pátio expondo duas locomotivas do tipo Maria-fumaça e outra movida a óleo diesel.,São José,R. Floriano Peixoto s/n,-8.0680447,-34.8834433
455,Museu de Artes Afro-Brasil Rolando Toro,Na rua Mariz e Barros do bairro do Recife o espaço cultural abriga obras sob a perspectiva de um museu dinâmico promovendo estéticas entre as diversas linguagens artísticas afro-brasileiras em um só ambiente. Algumas peças do acervo ainda estão sendo catalogadas pelo museu junto à UFPE.,Recife,Rua Mariz e Barros 328,-8.0628495,-34.873079
456,Teatro do Parque,Completado 100 anos em 2015 o teatro se encontra fechado para obras desde 2014 com previsão para voltar a funcionar em Novembro de 2016.,Boa Vista,Rua do Hospício. 81 ,-8.061976,-34.884742
457,Teatro Barreto Júnior,Primeiro teatro da zona sul da cidade local onde funcionava o CineAtlântico recebe espetáculos internacionais e festivais de dança locais.,Pina,Endereço: Rua Estudante Jeremias Bastos. s/n,-8.090579,-34.884095
458,Teatro de Santa Isabel,Primeiro e mais expressivo exemplar de arquitetura neoclássica em Pernambuco idealizado por Francisco do Rego Barros atualmente proporciona visitas guiadas e concertos da Orquestra Sinfônica do Recife além de espetáculos com temáticas variadas.,Santo Antonio,Praça da República - s/n,-8.060693,-34.878138
459,Teatro Apolo,Com fachada em mármore de Lisboa o teatro integra o Centro de Formações e Pesquisas das Artes Cênicas ApoloHermilo. Estilo Neoclássio,Recife,Rua do Apolo 121,-8.061439,-34.872534
460,Teatro Hermilo Borba Filho,A partir da adaptação de dois armazéns que ficavam nos fundos do Teatro Apolo surge o teatro Hermilo Borba Filho com espaço de configuração flexível permitindo ajustes de suas arquibancadas em função do espetáculo. Possui programação com preços populares.,Recife,Cais do Apolo s/n,-8.06183,-34.872795
461,Teatro Luiz Mendonça,Instalado no Parque Dona Lindu bairro de Boa Viagem o teatro é um dos mais recentes da capital pernambucana e possui um sistema reversível possibilitando funcionamento tanto para a área interna quanto para a esplanada em casos de apresentações ao ar livre.,Boa Viagem,Av. Boa Viagem s/n,-8.141965,-34.903683
462,Teatro Boa Vista,Criado em 2010 nas dependências do Colégio Salesiano o Teatro Boa Vista dispõe de 800 lugares para o público e recebe festivais de dança e peças infantis nacionais.,Boa Vista,R. Dom Bôsco 551,-8.0605756,-34.8935803
463,Teatro Arraial,Localizado na Rua da Aurora O Teatro Arraial Ariano Suassuna é um equipamento de pequeno porte com apenas 94 poltronas e dois camarins. Em seu acervo o espaço conta com 150 fonogramas para utilização nos espetáculos e possui programação variada destinada a um público de todas as idades.,Boa Vista,R. da Aurora 457,-8.0599357,-34.8803492
464,Teatro Valdemar Oliveira,No bairro da Soledade o Teatro Valdemar Oliveira é um espaço moderno de médio porte muito utilizado para peças infantis.,Soledade,Praça Osvaldo Cruz 412,-8.055285,-34.8914722
465,Teatro Alfredo de Oliveira,Localizado na Praça Osvaldo Cruz o espaço de artes cênicas possui programação variada visando todos os públicos,Soledade,Praça Osvaldo Cruz 412A,-8.0556155,-34.8918026
466,Teatro Marco Camarotti,Pertencente ao Sesc Santo Amaro o Teatro Marco Camarotti é ativo e possui programação variada contemplando públicos de todas as idades.,Santo Amaro, R. Treze de Maio 455 ,-8.0496014,-34.8818494
467,Teatro Joaquim Cardozo,No Casarão do Centro Cultural Benfica bairro da Madalena o teatro possui apenas 50 lugares com o intuito de oferecer um contato maior entre artista e público.,Madalena,R. Benfica 157,-8.0600654,-34.901732
468,Teatro Rio Mar,Pertencente ao Shopping Rio Mar o teatro possui capacidade para 696 espectadores e conta com equipamentos e sistemas de áudio e iluminação de alta qualidade. É acessível para cadeirantes e pessoas com dificuldade de locomoção.,Pina,Av. República do Líbano 251,-8.0861186,-34.89483
469,Mercado de São José,"Inspirado no mercado público de Grenelle, em Paris, foi inaugurado em 1875. Sua arquitetura em ferro é típica do século XIX. É um dos monumentos pernambucanos, reconhecido e tombado pelo Instituto do Patrimônio Histórico e Artístico Nacional (Iphan) como patrimônio da cultura brasileira. Artesanato em barro, corda e palha fazem do mercado um polo de atração turística. É, também, ponto tradicional do comércio de pescado.",São Jose,,-8.06806,-34.87775
470,Mercado da Boa Vista,"Não se sabe ao certo que data foi inaugurado, mas há registros de que já existia em 1889. Possui 63 boxes, que comercializam cereais, verduras, frutas e legumes, carnes, aves e frios, além de ervas e armarinhos. Mas sua fama vem da comida regional servida nos bares no café da manhã, almoço e jantar.",Boa Vista,,-8.063192,-34.888654
471,Mercado da Madalena,"Construído em 1925, é ponto de encontro de boêmios. Ali, eles vão tomar a saideira e recuperar as energias gastas nas noitadas com um bom cuscuz com bode guizado, sarapatel e outros pratos fortes da cozinha regional.",Madalena,,-8.052439,-34.908554
472,Mercado da Encruzilhada,"É modelo de obra arquitetônica no Brasil da década de 50. Nele é possível encontrar frutas, verduras, cereais, miudezas em geral, artesanato, frios, carnes e aves. Destaque para a carne de sol e para a linguiça de porco caseira, uma das melhores da capital.",Encruzilhada,,-8.036873,-34.892434
473,Mercado de Casa Amarela,"Inaugurado em 1930, as estruturas que sustentam a construção foram trazidas de bonde pela empresa Borrione, dois anos antes. Com oferta de produtos diversificada em seus boxes, os bares e restaurantes populares, na parte externa do mercado, são as principais atrações. ",Casa Amarela,,-8.026599,-34.917882
474,Mercado do Cordeiro ,"Situado no bairro do Cordeiro, foi inaugurado em 1937, e servia como fonte de renda para as famílias da região. Em 2008, um novo mercado foi construído e entregue à população.  No local, é possível comprar frutas, açougues, confecções, flores, raízes, armarinho e artesanato, além do serviço de bares e lanchonetes. Parte dos trilhos que passavam em frente ao antigo mercado foi preservada perto da entrada principal.",Cordeiro,,-8.051698,-34.921372
